{"cameraMode":{"drawMode":0,"name":"Shaded","section":"Shading Mode"},"sceneLighting":true,"audioPlay":false,"sceneViewState":{"showFog":false,"showMaterialUpdate":false,"showSkybox":false,"showFlares":false,"showImageEffects":false,"showParticleSystems":false},"in2DMode":false,"pivot":{"x":-0.10834493488073349,"y":0.9424414038658142,"z":0.2359500229358673},"rotation":{"x":-0.17103353142738343,"y":0.6711986660957336,"z":-0.16340719163417817,"w":-0.7025269865989685},"size":1.2569670677185059,"orthographic":false}